{"Lip and oral cavity cancer": 9.410320120773788, "Nasopharynx cancer": 6.061742914787825, "Other pharynx cancer": 5.8602190044114, "Gallbladder and biliary tract cancer": 17.16421347294517, "Pancreatic cancer": 26.525911368162987, "Malignant skin melanoma": 7.914175538645093, "Ovarian cancer": 10.401661461055886, "Testicular cancer": 4.944837043956143, "Kidney cancer": 11.072650610941286, "Bladder cancer": 13.57142788339035, "Brain and nervous system cancer": 11.793974189613957, "Thyroid cancer": 1.61973690245021, "Mesothelioma": 4.205821736077767, "Hodgkin lymphoma": 1.7057328490669978, "Non-Hodgkin lymphoma": 10.120061496304109, "Multiple myeloma": 8.938459207309853, "Other malignant neoplasms": 12.822525338594712, "Pedestrian road injuries": 43.030835527234615, "Cyclist road injuries": 2.2028061961568786, "Motorcyclist road injuries": 13.033182371973739, "Motor vehicle road injuries": 30.736155030204962, "Other road injuries": 0.8365163488799171, "Rabies": 1.008219784676653, "Ascariasis": 0.5858268512490616, "Other neglected tropical diseases": 2.6071792441836754, "Maternal hemorrhage": 9.288599652388754, "Maternal sepsis and other maternal infections": 5.849875495462291, "Maternal hypertensive disorders": 3.413670224775522, "Maternal obstructed labor and uterine rupture": 2.550014710913396, "Ectopic pregnancy": 1.2699091855751647, "Indirect maternal deaths": 5.796803921324742, "Late maternal deaths": 0.20220167034250838, "Other neurological disorders": 3.492653387167491, "Alcohol use disorders": 29.528451932332516, "Opioid use disorders": 14.574242086399513, "Cocaine use disorders": 1.2950766224696775, "Amphetamine use disorders": 0.6112848900731167, "Other drug use disorders": 4.338719306626913, "Anorexia nervosa": 0.05319218458394516, "Bulimia nervosa": 0.011133483313069332, "Acute glomerulonephritis": 0.527160401362815, "Chronic kidney disease due to hypertension": 17.139744340998675, "Chronic kidney disease due to glomerulonephritis": 14.902220943935871, "Chronic kidney disease due to other and unspecified causes": 14.147608800904699, "Urinary tract infections": 14.035969526456453, "Urolithiasis": 2.88287318877166, "Syphilis": 18.548822437709877, "Chlamydial infection": 0.07474647639325269, "Gonococcal infection": 0.19981805723949, "Other sexually transmitted infections": 0.12034905919178401, "Acute hepatitis A": 0.805708514526567, "Acute hepatitis B": 4.591210272246055, "Acute hepatitis C": 0.24688556738397255, "Acute hepatitis E": 0.7188232500910078, "Other unspecified infectious diseases": 6.676878923788616, "Other urinary diseases": 6.489873215029656, "Uterine fibroids": 0.2766379647934689, "Polycystic ovarian syndrome": 0.003327554011722536, "Endometriosis": 0.06267298672934532, "Genital prolapse": 0.03626181396217341, "Other gynecological diseases": 0.24020637686340174, "Thalassemias": 0.8583785166505388, "Sickle cell disorders": 13.50283068041665, "G6PD deficiency": 3.7485404205768327, "Other hemoglobinopathies and hemolytic anemias": 3.0447400930144943, "Endocrine, metabolic, blood, and immune disorders": 13.420026319717413, "Myelodysplastic, myeloproliferative, and other hematopoietic neoplasms": 7.70375884870273, "Other benign and in situ neoplasms": 0.4928008887728898, "Non-rheumatic calcific aortic valve disease": 12.896224921156975, "Non-rheumatic degenerative mitral valve disease": 5.432872862864667, "Other non-rheumatic valve diseases": 0.8155504965481185, "Cirrhosis due to NASH": 6.20253616018448, "Diabetes mellitus type 1": 23.354276179384073, "Diabetes mellitus type 2": 159.6562734356963, "Maternal abortion and miscarriage": 2.0912412057275485, "Liver cancer due to NASH": 4.233386228097547, "Chronic kidney disease due to diabetes mellitus type 1": 4.9353494035948025, "Chronic kidney disease due to diabetes mellitus type 2": 17.165735817610113, "Intracerebral hemorrhage": 231.74736376773004, "Subarachnoid hemorrhage": 26.9138728663367, "Hypertensive heart disease": 122.03681889227941, "Atrial fibrillation and flutter": 24.821999499704308, "Aortic aneurysm": 14.903021912656214, "Rheumatoid arthritis": 1.6954188880501484, "Fire, heat, and hot substances": 6.565577720004186, "Chagas disease": 4.375276666137549, "Visceral leishmaniasis": 13.95931608757051, "African trypanosomiasis": 2.82645576719229, "Schistosomiasis": 1.4895715285209854, "Cysticercosis": 0.2726893146588247, "Cystic echinococcosis": 0.19830897441710474, "Dengue": 4.191620276348273, "Yellow fever": 4.461642486553691, "Other maternal disorders": 1.8082879779526564, "Neonatal preterm birth": 50.983560719121336, "Neonatal encephalopathy due to birth asphyxia and trauma": 48.082067659562014, "Neonatal sepsis and other neonatal infections": 17.556322812818216, "Hemolytic disease and other neonatal jaundice": 4.986508160081521, "Other neonatal disorders": 23.826661561796143, "Protein-energy malnutrition": 43.865750625561006, "Other nutritional deficiencies": 1.5343256915958992, "Maternal deaths aggravated by HIV/AIDS": 0.513977637761626, "Environmental heat and cold exposure": 8.117888188700862, "Ebola": 0.009903978013536175, "Acute lymphoid leukemia": 2.5255356453493527, "Chronic lymphoid leukemia": 3.577236948256156, "Acute myeloid leukemia": 5.233933788202828, "Chronic myeloid leukemia": 1.7394987825757675, "Non-melanoma skin cancer (squamous-cell carcinoma)": 3.565482686832651, "Executions and police conflict": 12.715116896636959, "Drug-susceptible tuberculosis": 139.71164849581535, "Zika virus": 0.5762304868651226, "Esophageal cancer": 15.05056624680943, "Stomach cancer": 43.53621433570425, "Liver cancer due to hepatitis B": 17.31728100180087, "Liver cancer due to hepatitis C": 21.67878665348777, "Liver cancer due to alcohol use": 16.0894660087852, "Liver cancer due to other causes": 3.2889202166423357, "Larynx cancer": 8.282974045368658, "Tracheal, bronchus, and lung cancer": 88.70138067594435, "Breast cancer": 25.03974134211778, "Cervical cancer": 16.45338378106286, "Uterine cancer": 6.590338878193805, "Prostate cancer": 57.559315222164635, "Colon and rectum cancer": 53.39198511614086, "Other musculoskeletal disorders": 3.6870887994023174, "Neural tube defects": 8.629096315166137, "Congenital heart anomalies": 17.307109332882384, "Orofacial clefts": 0.9801002479151897, "Down syndrome": 1.9376469968506307, "Other chromosomal abnormalities": 1.3859534516968328, "Congenital musculoskeletal and limb anomalies": 0.8378844376771665, "Urogenital congenital anomalies": 1.0046784453267508, "Digestive congenital anomalies": 3.5268761261866546, "Other congenital birth defects": 11.052948830804443, "Cellulitis": 2.401240529710781, "Pyoderma": 6.286399629763054, "Decubitus ulcer": 14.463029478791071, "Other skin and subcutaneous diseases": 0.8075395428959031, "Sudden infant death syndrome": 3.4732208569796517, "Otitis media": 0.18441149134745474, "Pneumococcal meningitis": 6.111521614220231, "H influenzae type B meningitis": 5.86381644949074, "Meningococcal meningitis": 4.418834386423965, "Other meningitis": 22.5083064620037, "Encephalitis": 3.71984492211421, "Diphtheria": 2.2806538326922032, "Pulmonary aspiration and foreign body in airway": 6.483665681815081, "Foreign body in other body part": 1.2838057145935369, "Other unintentional injuries": 4.971873254559197, "Self-harm by firearm": 15.948165037556246, "Self-harm by other specified means": 41.663269213756145, "Physical violence by firearm": 43.112388455097346, "Physical violence by sharp object": 18.93735198859471, "Physical violence by other means": 19.19316347098667, "Exposure to forces of nature": 64.24089115204568, "Gallbladder and biliary diseases": 5.7835826520960705, "Pancreatitis": 6.008525346917018, "Other digestive diseases": 6.0590613828319935, "Alzheimer's disease and other dementias": 154.87252036247997, "Parkinson's disease": 15.26599288938999, "Epilepsy": 5.3267662806656295, "Multiple sclerosis": 2.0298677638685403, "Motor neuron disease": 3.919713979390286,